file,section1_count,section1_MAE,section1_RMSE,section1_MaxError,section2_count,section2_MAE,section2_RMSE,section2_MaxError,RMSE_diff,RMSE_change_%,recommendation,status
De_chamber_temperature.csv,2000,2.0853402815028197,2.513790706913628,5.857325353973707,2000,4.4310851856280085,5.112857478024114,11.397352100039186,2.599066771110486,0.6048916928941473,양호,✅
De_gas_flow_rate.csv,2000,3.556106631882047,4.31316292036499,10.620025170751376,2000,8.015510141729967,9.582105306935743,21.873363772564275,5.268942386570753,0.6048916928941473,양호,✅
De_rf_power.csv,2000,16.383670258089065,20.021469314450897,54.73481163727979,2000,43.75853289780322,49.95442168166244,97.74107733197512,29.93295236721154,0.6048916928941473,양호,✅
Li_chamber_temperature_prediction.csv,2000,0.5783841128657706,1.0350635760513784,4.629323896219532,2000,0.7098874338344121,1.280683301623634,6.168847991790074,0.24561972557225564,0.6048916928941473,양호,✅
Li_gas_flow_rate_prediction.csv,2000,1.742739169634444,2.4229212547950434,8.379116781907907,2000,1.5939973750203396,1.919284638169555,4.461335223183852,-0.5036366166254884,0.6048916928941473,양호,✅
Li_rf_power_prediction.csv,2000,6.0128261026944045,8.740141108443344,38.99363610253192,2000,6.4781385993763445,8.793009495955545,25.94646067166508,0.05286838751220024,0.6048916928941473,양호,✅
