{
  "loss": [
    0.019407974556088448,
    0.008915490470826626
  ],
  "val_loss": [
    0.010099770501255989,
    0.003450225107371807
  ],
  "mae": [
    0.1555996537208557,
    0.10455366224050522
  ],
  "val_mae": [
    0.11395327001810074,
    0.0649896040558815
  ]
}